<?xml version="1.0" encoding="UTF-8"?>
<beans xmlns="http://www.springframework.org/schema/beans"
	xmlns:xsi="http://www.w3.org/2001/XMLSchema-instance"
		xmlns:context="http://www.springframework.org/schema/context"
		xsi:schemaLocation="http://www.springframework.org/schema/beans http://www.springframework.org/schema/beans/spring-beans.xsd 
		http://www.springframework.org/schema/context
	http://www.springframework.org/schema/context/spring-context-2.5.xsd">
<context:annotation-config />
<context:component-scan base-package="com.capgemini" />

<bean id="idAddress" class ="com.capgemini.Adress">
<property name="city" value="pune2" />
</bean>




<bean id="employee" class ="com.capgemini.Employee"  scope="prototype">
<property name="employeeId" value="101"/>
<property name="name"  value="abc"/>
<property name="address" ref ="idAddress" />
</bean>

</beans>
